-- MySQL dump 10.13  Distrib 5.7.22, for Linux (x86_64)
--
-- Host: localhost    Database: livevod
-- ------------------------------------------------------
-- Server version	5.7.22-0ubuntu0.16.04.1

/*!40101 SET @OLD_CHARACTER_SET_CLIENT=@@CHARACTER_SET_CLIENT */;
/*!40101 SET @OLD_CHARACTER_SET_RESULTS=@@CHARACTER_SET_RESULTS */;
/*!40101 SET @OLD_COLLATION_CONNECTION=@@COLLATION_CONNECTION */;
/*!40101 SET NAMES utf8 */;
/*!40103 SET @OLD_TIME_ZONE=@@TIME_ZONE */;
/*!40103 SET TIME_ZONE='+00:00' */;
/*!40014 SET @OLD_UNIQUE_CHECKS=@@UNIQUE_CHECKS, UNIQUE_CHECKS=0 */;
/*!40014 SET @OLD_FOREIGN_KEY_CHECKS=@@FOREIGN_KEY_CHECKS, FOREIGN_KEY_CHECKS=0 */;
/*!40101 SET @OLD_SQL_MODE=@@SQL_MODE, SQL_MODE='NO_AUTO_VALUE_ON_ZERO' */;
/*!40111 SET @OLD_SQL_NOTES=@@SQL_NOTES, SQL_NOTES=0 */;

--
-- Table structure for table `class`
--

DROP TABLE IF EXISTS `class`;
/*!40101 SET @saved_cs_client     = @@character_set_client */;
/*!40101 SET character_set_client = utf8 */;
CREATE TABLE `class` (
  `id` int(11) NOT NULL,
  `class` int(11) DEFAULT NULL,
  `name` varchar(32) DEFAULT NULL,
  PRIMARY KEY (`id`)
) ENGINE=InnoDB DEFAULT CHARSET=utf8;
/*!40101 SET character_set_client = @saved_cs_client */;

--
-- Dumping data for table `class`
--

LOCK TABLES `class` WRITE;
/*!40000 ALTER TABLE `class` DISABLE KEYS */;
INSERT INTO `class` VALUES (1,1,'新闻'),(2,2,'电影'),(3,3,'体育'),(4,4,'电视剧');
/*!40000 ALTER TABLE `class` ENABLE KEYS */;
UNLOCK TABLES;

--
-- Table structure for table `live`
--

DROP TABLE IF EXISTS `live`;
/*!40101 SET @saved_cs_client     = @@character_set_client */;
/*!40101 SET character_set_client = utf8 */;
CREATE TABLE `live` (
  `id` int(11) NOT NULL AUTO_INCREMENT,
  `gid` varchar(32) NOT NULL,
  `name` varchar(48) NOT NULL,
  `enable_vod` tinyint(4) DEFAULT NULL,
  `url` varchar(512) DEFAULT NULL,
  `logo` varchar(512) DEFAULT NULL,
  PRIMARY KEY (`id`)
) ENGINE=InnoDB AUTO_INCREMENT=4 DEFAULT CHARSET=utf8;
/*!40101 SET character_set_client = @saved_cs_client */;

--
-- Dumping data for table `live`
--

LOCK TABLES `live` WRITE;
/*!40000 ALTER TABLE `live` DISABLE KEYS */;
INSERT INTO `live` VALUES (2,'cctv1','中央1套',1,'http://southtv.kmdns.net:2935/cctv1/live.m3u8','http://southtv.kmdns.net:2935/logo/channel_14.jpg'),(3,'cctv3','中央三套',1,'http://southtv.kmdns.net:2935/cctv3/live.m3u8','http://southtv.kmdns.net:2935/logo/channel_15.jpg');
/*!40000 ALTER TABLE `live` ENABLE KEYS */;
UNLOCK TABLES;

--
-- Table structure for table `subclass`
--

DROP TABLE IF EXISTS `subclass`;
/*!40101 SET @saved_cs_client     = @@character_set_client */;
/*!40101 SET character_set_client = utf8 */;
CREATE TABLE `subclass` (
  `id` int(11) NOT NULL,
  `class` int(11) DEFAULT NULL,
  `subclass` int(11) DEFAULT NULL,
  `name` varchar(32) DEFAULT NULL,
  PRIMARY KEY (`id`)
) ENGINE=InnoDB DEFAULT CHARSET=utf8;
/*!40101 SET character_set_client = @saved_cs_client */;

--
-- Dumping data for table `subclass`
--

LOCK TABLES `subclass` WRITE;
/*!40000 ALTER TABLE `subclass` DISABLE KEYS */;
INSERT INTO `subclass` VALUES (1,1,1,'军事'),(2,1,2,'社会'),(3,1,3,'政治'),(4,1,4,'经济'),(5,2,1,'大陆'),(6,2,2,'港台'),(7,2,3,'日韩'),(8,2,4,'欧美'),(9,4,1,'欧美'),(10,4,2,'日韩'),(11,4,3,'港台'),(12,4,4,'大陆');
/*!40000 ALTER TABLE `subclass` ENABLE KEYS */;
UNLOCK TABLES;

--
-- Table structure for table `vod`
--

DROP TABLE IF EXISTS `vod`;
/*!40101 SET @saved_cs_client     = @@character_set_client */;
/*!40101 SET character_set_client = utf8 */;
CREATE TABLE `vod` (
  `id` int(11) NOT NULL AUTO_INCREMENT,
  `gid` varchar(32) NOT NULL,
  `program_name` varchar(128) NOT NULL,
  `time` datetime NOT NULL,
  `url` varchar(512) DEFAULT NULL,
  `store_path` varchar(32) NOT NULL DEFAULT '/data/',
  `class` int(11) DEFAULT NULL,
  `subclass` int(11) DEFAULT NULL,
  `flag` varchar(32) DEFAULT NULL,
  PRIMARY KEY (`id`)
) ENGINE=InnoDB AUTO_INCREMENT=499 DEFAULT CHARSET=utf8;
/*!40101 SET character_set_client = @saved_cs_client */;

--
-- Dumping data for table `vod`
--

LOCK TABLES `vod` WRITE;
/*!40000 ALTER TABLE `vod` DISABLE KEYS */;
INSERT INTO `vod` VALUES (1,'cctv1','新闻联播','2018-04-29 12:00:00','http://127.0.0.1:8080/pause.m3u8','/data',0,0,''),(2,'cctv3','新闻联播','2018-04-29 12:00:00','http://127.0.0.1:8080/launch.m3u8','/data',0,0,'');
/*!40000 ALTER TABLE `vod` ENABLE KEYS */;
UNLOCK TABLES;
/*!40103 SET TIME_ZONE=@OLD_TIME_ZONE */;

/*!40101 SET SQL_MODE=@OLD_SQL_MODE */;
/*!40014 SET FOREIGN_KEY_CHECKS=@OLD_FOREIGN_KEY_CHECKS */;
/*!40014 SET UNIQUE_CHECKS=@OLD_UNIQUE_CHECKS */;
/*!40101 SET CHARACTER_SET_CLIENT=@OLD_CHARACTER_SET_CLIENT */;
/*!40101 SET CHARACTER_SET_RESULTS=@OLD_CHARACTER_SET_RESULTS */;
/*!40101 SET COLLATION_CONNECTION=@OLD_COLLATION_CONNECTION */;
/*!40111 SET SQL_NOTES=@OLD_SQL_NOTES */;

-- Dump completed on 2018-04-27 16:43:28
